post_id,category_id
241,4
241,11
254,1
254,2
254,4
3387,4
257,4
257,5
258,11
258,12
266,11
266,5
269,11
269,12
272,1
272,2
272,4
273,11
274,2
274,11
274,12
3388,4
3388,13
283,4
283,5
283,11
294,13
294,12
295,11
295,2
298,12
298,13
3389,1
3389,11
305,11
305,13
314,13
314,12
332,12
705,7
706,4
338,12
338,13
708,9
708,10
743,11
743,12
744,1
744,5
745,2
745,10
745,7
746,12
746,11
747,1
747,3
748,4
748,2
748,10
749,4
749,10
749,2
750,1
751,4
752,6
752,7
752,10
753,7
753,9
754,2
754,10
2966,3
2966,8
754,5
200,2
200,8
755,2
755,7
2967,3
2967,8
756,6
756,7
757,1
2970,1
758,1
839,12
839,13
759,1
760,4
760,6
761,3
203,2
203,9
2972,8
2972,10
762,6
762,7
2974,2
2974,10
2975,2
2975,10
763,4
764,12
2977,8
2978,7
2978,6
765,1
765,11
2981,2
2982,2
766,3
766,1
767,2
767,10
767,5
768,1
769,6
341,12
341,13
343,4
343,12
343,11
347,11
347,13
347,12
356,4
356,6
356,5
709,11
359,4
359,11
712,4
712,11
713,4
713,2
713,11
3390,11
365,11
365,12
369,12
373,12
373,13
714,4
838,12
838,13
383,12
383,13
715,4
715,11
721,12
721,11
397,1
397,12
405,12
405,9
769,7
851,2
851,10
770,3
770,4
770,11
771,11
771,12
772,11
773,1
774,4
775,1
775,5
776,12
776,1
776,11
777,2
2985,4
2986,2
778,2
779,2
2989,3
1145,12
781,8
782,2
782,10
782,7
1039,12
1039,13
259,2
259,10
259,12
261,1
262,1
262,12
263,1
263,9
264,2
264,10
264,5
265,6
265,7
1040,4
1040,5
267,4
267,2
267,7
1041,3
1042,1
270,1
270,9
1043,1
1044,1
1045,5
275,4
275,7
276,4
276,2
277,4
277,5
1,2
2,2
2,9
2,10
3,2
3,10
277,11
696,3
696,10
279,11
6,1
279,5
280,5
8,10
8,2
280,4
33,4
281,4
281,6
281,7
1045,7
1046,2
284,2
284,5
284,11
285,2
9,5
9,10
10,1
10,9
285,4
285,5
287,2
287,11
288,9
288,2
13,10
13,2
192,8
192,12
15,2
15,5
192,13
406,11
406,12
194,2
194,5
406,13
408,12
23,2
408,13
196,5
25,2
25,5
26,2
27,2
27,10
196,2
197,5
197,2
30,2
197,10
198,4
1928,2
34,4
34,5
35,6
35,10
36,5
36,2
37,10
37,2
2991,4
2991,5
2992,4
2992,5
723,1
42,2
42,7
723,11
414,12
414,13
416,12
724,4
48,2
50,1
51,3
51,11
52,5
52,7
55,9
55,2
56,5
56,7
58,5
58,7
59,4
59,6
66,4
66,6
70,2
70,9
76,2
76,10
86,10
86,11
91,1
92,2
95,10
95,2
96,2
96,13
97,2
99,4
724,11
725,4
725,11
726,4
726,11
727,4
727,2
105,10
106,2
106,10
2222,12
2222,13
422,11
422,12
423,1
111,1
111,4
111,13
112,1
112,4
113,5
113,4
113,2
114,1
114,5
115,4
115,2
116,4
116,6
116,7
117,4
117,6
117,7
423,12
423,13
424,12
118,2
104,6
104,9
118,10
119,1
119,2
220,2
220,4
220,10
119,6
120,1
121,1
424,13
427,12
249,2
249,10
250,2
250,10
5,2
5,10
5,11
123,2
124,2
125,2
125,10
427,2
427,13
126,2
126,10
127,2
128,4
128,11
129,2
129,10
129,5
428,1
428,3
428,13
429,1
429,10
432,2
432,10
432,5
463,11
463,12
728,4
233,2
233,10
234,4
234,11
235,1
235,11
1046,12
1047,1
694,3
694,1
694,10
238,8
238,7
238,10
239,2
239,13
729,11
730,1
730,4
731,12
731,13
732,4
732,7
732,6
733,10
734,11
735,3
735,10
736,3
736,10
737,12
737,6
475,2
475,7
475,13
122,4
122,5
122,2
783,2
784,12
785,3
785,11
786,5
130,5
130,10
786,6
786,7
787,11
787,12
788,6
239,12
240,4
240,5
240,6
1047,3
1048,2
242,5
242,2
242,6
1049,8
1050,2
1051,3
695,5
695,2
695,4
1051,9
1052,3
1052,2
271,2
271,10
1053,1
289,11
289,5
290,1
290,3
291,2
291,10
292,1
292,9
293,2
293,10
436,8
436,7
436,12
1054,1
1055,13
1056,7
1057,3
296,1
296,9
697,3
697,6
1058,1
1059,13
698,1
698,13
300,4
300,11
699,1
302,1
302,12
1060,1
1061,2
304,2
1061,7
1062,5
307,2
307,13
310,3
310,8
311,1
311,11
312,1
312,11
312,12
1062,2
1062,10
700,3
700,6
701,1
702,5
703,1
703,12
704,2
704,10
322,1
322,2
322,10
326,2
326,12
326,13
1063,1
443,9
443,11
334,12
334,1
334,13
1063,3
1064,5
707,4
1064,10
1065,2
1065,5
1065,7
942,1
1066,4
1067,1
1069,3
1069,8
1070,3
1070,11
1071,1
1072,12
348,2
348,5
1072,13
1073,1
1074,2
1074,4
710,5
710,2
710,7
1074,11
1075,1
711,1
711,11
1076,13
1077,8
1077,12
1078,1
1079,2
363,8
363,7
1079,10
1080,11
1081,12
449,2
449,12
1082,1
1083,8
375,12
375,13
1083,12
1084,5
381,2
381,7
382,1
382,2
382,12
384,12
1084,7
1085,2
716,1
717,6
717,7
718,2
719,1
719,8
720,1
720,10
1085,10
1086,12
1087,12
1087,13
400,12
400,11
400,10
1088,1
1088,3
1089,1
452,2
452,10
453,1
453,11
1090,3
1090,1
1091,1
722,6
722,7
1118,2
1118,10
411,8
411,2
1092,11
1092,12
1093,11
1094,2
456,13
456,12
456,10
457,1
457,12
457,13
1095,2
1096,2
1096,7
1097,1
1098,1
1099,3
4,4
4,2
7,11
7,13
32,4
1927,4
11,4
12,8
12,2
14,12
14,13
16,11
17,11
18,2
19,2
20,5
21,11
22,11
24,11
24,12
28,2
28,11
29,2
29,8
31,11
38,11
38,4
39,11
40,11
41,11
43,2
44,11
44,12
45,11
45,12
46,12
47,11
49,11
49,12
53,11
53,12
54,11
54,12
57,12
60,4
60,5
61,4
61,5
62,12
63,12
64,11
65,2
65,10
67,13
68,4
68,7
69,4
71,11
72,12
73,2
74,12
74,13
75,11
77,2
78,12
79,12
79,11
80,12
81,12
82,5
82,13
83,10
83,12
84,6
85,11
87,12
88,13
88,12
89,9
89,2
90,11
94,12
98,12
98,13
100,11
101,2
101,5
102,2
103,12
103,13
107,9
108,12
109,11
109,12
110,11
459,2
459,13
459,12
2058,12
207,11
3384,11
3384,12
2141,13
2141,12
199,4
2142,12
2142,13
2968,11
2969,5
2969,2
2971,7
2971,12
201,11
201,12
201,13
202,13
202,12
2973,6
2973,7
2976,8
2976,7
2979,8
2980,6
204,12
204,11
205,11
205,12
206,4
206,5
2983,6
2983,12
2984,8
2987,7
2988,8
3385,12
3385,11
2990,12
2990,11
191,4
193,4
193,11
195,4
195,12
195,11
208,1
208,11
209,5
209,10
210,11
210,12
211,11
212,11
212,12
213,12
213,11
214,13
214,12
215,7
215,4
216,11
217,11
217,12
218,11
219,1
219,11
3386,11
252,4
252,11
253,12
253,4
253,13
477,1
477,12
738,2
738,10
739,1
740,4
740,1
741,4
742,4
742,2
788,7
788,13
789,2
1010,3
791,8
791,12
792,5
792,2
793,4
793,7
794,10
794,11
795,1
796,1
796,11
797,4
797,11
798,6
798,7
799,7
799,6
800,3
800,2
801,5
802,2
802,12
803,9
803,2
804,2
804,5
805,1
806,4
807,12
808,2
808,5
808,10
809,10
809,2
810,1
810,2
811,2
812,4
812,13
813,12
813,13
814,1
815,2
816,1
816,12
816,13
817,2
817,4
818,2
819,2
819,10
819,5
820,4
820,12
821,1
821,10
822,4
822,12
874,3
499,1
499,12
499,13
500,12
500,13
460,11
461,2
461,7
501,2
501,10
462,12
462,13
248,4
248,2
248,10
251,11
251,12
433,2
433,10
433,7
237,1
237,6
243,5
243,11
244,8
244,7
245,4
246,4
255,2
255,5
255,10
256,11
260,2
260,5
268,4
268,2
268,6
434,2
434,10
278,2
278,9
278,6
282,4
282,6
282,7
286,7
435,12
435,6
437,2
437,6
437,7
438,12
438,2
297,1
297,10
299,12
299,2
301,2
303,1
303,9
306,4
306,11
308,4
308,11
309,6
309,4
313,11
439,1
439,12
439,13
440,3
440,11
441,5
441,2
441,7
315,7
315,2
316,2
316,10
317,10
317,2
318,1
318,11
319,1
319,12
320,1
320,7
321,2
321,10
321,11
323,2
324,1
324,10
324,11
325,10
325,11
327,2
327,9
328,9
328,3
329,6
329,7
330,12
330,11
331,7
331,10
333,11
442,7
442,2
442,12
444,1
444,11
445,12
445,11
446,12
446,13
335,2
335,10
335,11
336,11
337,1
337,2
337,3
339,2
339,7
340,11
340,12
342,2
344,11
344,12
344,3
345,11
345,12
345,5
346,2
346,5
349,11
349,10
350,2
350,13
350,12
351,2
351,13
351,12
352,2
352,10
353,2
353,10
354,2
354,11
354,12
355,2
355,11
355,12
447,1
448,7
448,8
357,2
357,10
358,11
360,12
360,13
361,12
361,13
362,2
362,11
362,13
364,13
366,2
366,10
366,7
367,4
367,11
368,4
368,6
368,5
370,2
370,13
371,2
371,13
372,3
372,12
450,1
450,10
502,3
502,10
374,4
374,11
376,2
376,10
376,13
377,1
377,3
377,13
378,11
379,2
379,10
379,13
380,11
451,1
451,11
385,5
385,6
385,7
386,7
386,4
386,5
387,10
387,2
388,2
388,10
388,5
389,11
389,3
390,1
390,11
391,12
391,1
392,2
392,10
392,5
393,12
393,1
394,11
394,10
395,9
396,2
396,5
398,7
398,8
399,12
401,13
401,12
402,2
402,8
403,2
403,1
403,3
404,1
404,12
454,12
454,13
407,9
407,10
407,3
409,12
409,13
410,12
410,13
413,1
413,12
413,13
415,1
415,13
455,9
455,2
458,12
418,2
418,5
419,2
419,10
419,9
420,12
421,1
421,2
425,3
425,10
426,2
426,13
430,10
430,2
431,2
431,5
431,10
464,12
464,13
465,1
465,2
465,13
466,12
466,13
467,2
467,6
468,12
468,13
469,12
469,13
470,1
470,11
471,2
471,5
471,10
472,2
472,10
473,6
473,7
473,12
476,12
478,2
478,9
478,12
479,12
480,2
480,10
481,2
481,12
481,11
482,1
483,3
483,12
484,2
484,7
484,10
485,3
485,9
486,13
486,12
487,12
487,13
488,12
488,2
489,6
489,7
490,8
490,7
491,2
492,13
492,12
493,6
493,7
493,10
494,2
495,1
495,12
496,12
496,13
497,12
498,12
498,1
498,13
504,3
505,2
505,10
506,12
506,13
507,1
507,2
508,2
508,10
509,2
509,12
510,5
510,6
511,12
512,2
512,9
623,1
623,2
623,13
513,13
513,12
513,3
514,2
515,1
517,1
517,10
518,1
518,2
518,13
519,12
519,13
520,7
520,5
521,2
521,10
521,13
522,2
522,10
523,12
523,13
524,8
524,7
525,2
526,2
526,10
527,2
528,9
528,2
529,3
529,11
549,3
549,6
610,3
610,6
611,1
611,13
611,12
612,1
548,2
548,12
609,7
609,8
585,7
585,5
624,8
624,7
625,3
626,3
627,6
627,7
627,9
628,10
628,2
530,2
530,6
531,3
531,9
532,2
532,10
533,2
533,7
533,10
534,9
534,2
535,12
535,13
536,2
536,7
537,13
537,12
538,12
539,2
539,9
540,2
540,13
540,12
541,12
541,13
543,6
543,7
544,2
544,12
545,2
545,13
546,12
546,13
547,2
547,13
547,12
550,3
550,2
550,10
551,9
551,2
551,6
552,2
552,10
553,2
553,9
553,12
554,2
554,8
554,11
555,2
555,6
555,9
556,2
557,2
557,13
558,2
558,10
559,2
559,10
559,9
602,2
602,7
602,6
603,2
603,7
603,10
604,12
605,2
605,10
606,13
606,2
606,12
607,4
607,5
608,12
608,13
560,12
560,13
561,2
561,6
562,2
562,12
563,12
563,13
564,6
564,2
565,6
565,7
566,2
566,13
568,7
568,5
569,2
569,9
569,13
570,2
570,10
570,12
572,2
572,8
572,10
573,2
573,12
574,7
574,2
575,2
575,9
575,10
576,9
576,2
577,3
577,11
578,2
578,3
578,10
579,2
579,10
580,2
580,13
581,2
581,10
582,2
582,5
583,2
583,9
584,2
584,5
586,8
586,7
586,10
587,3
587,10
588,2
589,2
590,2
590,10
591,1
592,2
592,12
593,2
593,9
594,1
594,2
595,12
595,13
596,7
596,2
597,2
597,9
597,12
598,2
598,1
598,13
599,2
599,13
599,12
600,3
600,11
601,2
601,9
601,10
613,2
613,7
614,2
614,7
615,3
615,4
615,12
616,3
617,2
617,9
617,10
618,3
618,13
618,12
619,2
619,1
619,13
620,2
620,7
621,12
621,13
622,2
622,10
630,5
630,2
631,8
631,7
632,11
632,12
633,5
634,12
634,13
635,1
636,3
636,6
637,12
637,13
638,2
675,2
675,7
676,2
676,8
676,7
677,12
677,11
678,12
678,13
639,2
640,3
640,12
640,11
641,12
641,11
642,2
642,10
643,3
643,1
643,13
644,3
644,13
644,12
645,3
645,1
645,12
646,2
646,9
646,7
647,2
647,10
648,6
648,2
649,2
649,10
649,7
650,6
650,7
651,1
651,3
651,13
652,3
652,12
653,5
653,11
654,2
654,7
654,9
655,9
655,12
656,2
656,12
656,13
657,3
658,13
659,6
660,3
660,11
661,2
662,11
662,12
663,12
663,13
664,3
664,11
665,2
665,10
666,1
666,3
666,13
667,12
667,11
668,1
668,11
668,12
670,2
670,8
670,10
671,2
671,7
672,2
672,10
672,11
673,2
673,8
673,10
674,2
674,7
674,10
679,2
679,1
679,3
680,11
680,12
681,1
681,11
681,12
682,1
682,2
682,12
683,2
684,2
684,9
684,10
685,1
685,13
686,2
686,10
687,2
687,12
688,1
688,11
689,12
1068,13
690,2
690,11
691,2
691,11
692,2
692,11
693,12
693,13
823,4
824,3
824,11
825,1
826,9
826,1
3391,1
3391,12
827,1
828,1
829,12
829,11
830,12
830,13
831,12
832,12
832,13
833,12
834,6
834,7
835,6
835,7
835,2
836,12
836,13
837,2
837,10
840,3
841,12
841,13
842,12
843,2
844,13
844,12
845,4
845,5
845,7
846,1
847,1
847,10
848,1
848,10
849,2
849,13
849,4
850,13
850,11
2225,1
852,2
852,7
853,3
854,3
855,11
855,12
856,12
856,13
857,11
857,12
858,1
858,2
858,3
859,1
860,1
860,11
861,11
861,12
861,13
862,1
862,11
863,13
863,12
864,5
865,2
866,2
866,9
867,4
867,13
868,9
868,10
869,1
869,11
870,13
871,2
871,5
872,2
872,10
873,4
873,13
3392,11
875,4
875,5
876,1
877,12
878,1
879,4
879,11
880,2
880,7
881,1
882,1
882,3
883,1
884,1
884,11
885,1
887,3
888,2
889,2
889,10
889,7
890,1
891,2
891,10
892,4
893,2
893,10
895,3
896,13
896,12
897,2
897,10
898,7
898,6
898,10
899,1
900,5
901,4
902,3
903,1
903,2
904,2
905,1
906,3
907,12
907,13
908,7
908,6
909,3
910,1
911,5
912,1
913,6
913,2
914,3
915,5
915,7
916,2
916,10
917,3
917,2
918,12
918,13
1918,5
919,1
919,2
920,1
921,1
922,6
922,7
923,3
923,10
924,4
925,1
925,5
925,4
926,6
926,10
927,3
927,6
928,1
929,4
929,11
930,1
931,12
931,11
932,1
932,10
933,2
934,2
934,10
935,2
935,7
936,1
937,12
937,13
938,1
938,10
939,2
940,4
940,2
943,4
944,1
944,3
945,1
946,3
946,10
947,4
948,1
948,2
949,1
950,1
951,12
951,13
952,1
953,12
953,13
954,3
954,1
955,5
955,10
955,6
956,2
956,7
956,10
957,3
958,12
958,13
959,1
959,11
960,2
960,10
960,5
961,8
961,10
962,5
962,4
963,8
964,6
964,7
964,10
965,13
966,11
967,1
968,2
970,3
970,9
971,4
971,7
972,4
973,1
974,6
974,5
974,8
975,1
976,2
976,10
977,13
977,12
978,4
978,5
979,1
980,5
980,2
981,6
983,1
983,2
984,12
985,12
985,13
986,2
986,6
987,2
987,6
1919,12
988,7
989,2
989,1
990,12
990,13
991,13
992,1
993,4
994,2
994,10
994,7
995,12
995,13
996,2
996,8
997,2
998,11
999,1
999,11
1000,4
1001,1
1002,12
1002,13
1003,4
1003,5
1003,2
1004,4
1005,4
1006,6
1007,3
1008,12
1008,13
1009,1
1009,3
1011,2
1011,6
1012,2
1012,8
1014,4
1015,13
1016,2
1016,8
1017,2
1017,8
1017,7
1018,2
1019,1
1020,5
1021,2
1021,6
1023,1
1023,3
1024,3
1024,11
1025,2
1025,6
1026,1
1027,3
1028,1
1029,13
1029,12
1030,1
1031,12
1031,2
1032,12
1032,13
2013,12
1033,13
1033,4
1033,8
1034,13
1035,1
1036,2
1036,6
1036,9
1037,6
1037,7
1038,2
1038,10
1099,9
1100,2
1101,6
1101,7
1102,2
1102,6
1103,3
1104,3
1104,1
1105,13
1106,3
1107,1
1108,2
1109,2
1109,13
1110,13
1111,2
1112,7
1113,5
1114,2
1115,2
1116,13
1117,1
1117,2
1119,12
1119,13
1120,2
1120,10
1121,2
1122,2
1123,4
1123,5
1124,1
1124,12
1125,12
1125,13
1126,10
1126,2
1127,5
1128,13
1129,4
1130,12
1130,13
1131,1
1131,2
1131,3
1132,2
1133,1
1134,2
1135,10
1135,2
1136,1
1136,2
1136,3
1137,2
1138,3
1139,11
1140,5
1140,2
1141,11
1142,1
1143,1
1143,11
1144,2
1144,11
1146,9
1146,2
1147,3
1148,2
1149,1
1150,2
1150,10
1151,2
1151,12
1152,2
1153,2
1153,9
1153,10
3422,1
3422,11
3423,5
3423,7
3423,4
3421,12
3421,6
3421,11
3395,6
3395,7
3395,1
3396,1
3396,6
3396,7
3400,5
3400,6
3394,4
3394,12
3394,13
3401,4
3401,12
3401,6
3397,4
3397,2
3397,6
3398,4
3398,12
3398,13
3393,4
3393,1
3393,6
3399,12
3399,6
3399,11
3295,11
3295,12
3402,2
3402,6
3402,5
1698,5
1699,2
1699,6
1699,10
3403,4
3403,12
3403,11
3404,6
3404,7
3404,11
1700,11
1701,4
1701,11
3405,4
3405,11
3405,12
1702,13
1703,6
1703,7
1703,10
1704,12
1704,13
3406,4
3406,2
3406,6
1705,7
1705,6
1705,2
1891,1
1891,6
1706,10
1706,2
3407,2
3407,6
3407,10
1887,6
1887,7
1887,12
1707,5
1707,4
1707,7
3408,6
3408,7
3408,12
1708,3
1917,5
1917,6
1709,6
1709,7
1709,12
3409,9
3409,6
3409,11
1710,6
1710,10
1710,12
1711,2
1711,6
1711,10
1920,4
1920,12
3410,11
3410,6
3410,7
1712,4
1712,2
1712,6
1893,12
1893,13
1921,4
1921,6
1921,7
1922,4
1910,4
1910,5
1910,6
1848,6
1848,11
1848,12
1923,12
1911,11
1713,12
1829,1
1829,11
1829,12
2639,2
2639,10
2639,6
1714,7
1714,6
1714,10
2640,11
2640,12
2641,11
2641,12
1840,9
1840,12
2642,2
2642,6
2642,11
1715,4
1715,6
1867,4
1867,11
1867,12
1716,6
1716,10
1716,12
3411,6
3411,1
3411,7
2643,11
2643,12
1717,3
1844,6
1844,7
1844,11
2644,11
2644,12
2645,1
2645,12
1718,6
1718,10
1718,12
1827,12
3412,9
3412,6
3412,12
2646,12
1719,8
1719,6
1719,10
2647,11
2647,12
1889,4
1889,5
1720,6
1720,10
1720,12
2648,1
2648,6
2648,11
1924,4
2649,11
2650,4
2650,6
2650,2
1830,6
1830,7
1830,10
1925,4
1926,4
1721,11
1721,6
2651,12
2651,6
1722,6
1723,4
1905,4
1905,6
1905,12
1724,2
1724,6
1724,10
2652,12
2652,13
1725,4
1726,6
1726,12
1726,9
1727,7
1727,6
2653,12
1929,4
2663,12
2664,11
2664,12
1930,4
1728,6
1728,10
1728,9
2665,12
1931,12
1932,4
1729,1
1729,6
1729,10
1933,12
236,11
236,12
1934,12
1935,4
1904,4
1904,6
1904,11
2666,4
2666,11
2666,5
1936,6
1936,7
1937,5
1937,6
1730,6
1730,10
1730,12
1938,4
1898,3
1898,9
2667,4
2667,11
2667,5
1875,2
1875,6
1875,7
1916,4
1916,6
1916,12
1731,7
3424,6
3424,7
2668,11
2668,12
2668,13
1900,1
1900,6
1900,10
2669,13
2669,1
1732,6
1732,10
1732,12
1939,12
1939,13
1885,6
1885,7
1885,10
1854,4
1854,12
1940,12
2670,6
2670,7
2670,2
2671,12
2671,13
2671,11
1909,6
1909,7
1909,11
1733,4
2672,3
2672,1
2673,11
2673,12
1734,11
1864,2
1864,8
1864,6
1735,2
1735,6
1735,10
2674,1
2674,6
2674,12
2675,1
1736,1
2676,12
1941,4
1941,6
1941,11
1737,12
1856,11
1856,6
1856,1
1738,6
1738,7
1942,4
1901,4
1901,5
1901,3
2677,9
2677,1
2677,12
3413,6
3413,7
3413,5
1902,11
1902,6
1739,6
1739,7
1739,11
1943,2
1943,5
2678,12
2678,11
1740,4
1740,6
1740,9
1944,12
3414,5
3414,11
1914,6
1914,7
1914,11
1834,4
1834,6
1834,12
1945,6
1945,7
1945,11
1741,4
1741,6
1741,7
1862,4
1862,6
1862,5
1742,2
1742,6
1742,10
2679,1
2679,6
2679,12
2680,12
2680,13
2681,13
2681,12
2681,11
1743,11
1946,1
1946,6
1946,10
2682,5
2682,6
2682,7
1744,9
1744,6
2683,12
1745,1
1745,6
1745,10
1947,6
1947,7
1948,6
1948,7
2684,12
2684,13
3415,13
3415,12
3415,5
247,11
2685,5
2685,6
2685,7
1949,7
2686,12
2686,13
1746,6
1746,10
1746,12
1903,11
1903,12
2687,5
2687,6
2687,7
1747,6
1747,12
1747,9
1748,6
1912,2
1912,6
1912,10
1749,2
1749,6
1749,10
2688,12
1750,2
1750,6
1750,10
1880,2
1880,5
2689,1
2689,6
2689,11
1751,2
2690,1
2690,6
2690,10
1950,2
1950,6
1950,7
1951,2
1951,6
1951,7
1952,6
1952,7
1952,11
2691,1
2691,11
2691,12
1953,7
1953,6
1953,8
1954,7
1954,6
1955,7
1956,6
1956,7
1956,8
1957,7
1958,8
1959,2
1959,5
1959,6
1752,5
1752,6
1752,7
1960,4
2692,12
1961,6
1961,7
1754,6
1754,10
1754,12
1753,6
1753,10
1753,12
2693,11
2693,12
2693,6
2694,4
2694,11
2694,12
2695,4
2695,11
2695,12
2696,13
2696,12
1962,12
2697,4
1755,3
1963,12
1849,2
1849,6
1849,10
1964,6
1964,7
1964,10
1756,6
1756,7
1756,2
1757,4
1757,6
1757,7
1965,4
2698,1
2698,12
2698,11
1966,4
1967,4
1967,6
1967,7
1968,4
1968,6
1968,7
1969,4
1839,2
1839,6
1839,10
1852,11
1852,12
1852,6
2699,11
2699,6
2699,12
2700,11
2700,12
2701,11
2701,12
2702,12
2703,11
2703,12
2704,5
2704,11
2705,12
2705,11
2706,12
2707,11
2708,11
2708,12
2709,12
2709,11
3416,6
3416,7
1970,12
2710,3
2711,12
2711,13
1758,12
1971,4
1972,4
1759,3
1759,10
2712,11
1760,11
1760,12
2713,5
2713,6
2714,2
2714,6
2715,5
2715,6
1761,6
1761,11
1761,9
1973,5
1973,6
1974,5
1974,6
1974,7
2716,9
2716,6
2716,2
1975,4
1762,6
1762,10
1976,4
2717,12
2717,13
1977,4
1978,4
1978,6
1978,7
2718,1
2718,12
2719,12
2719,13
2720,4
2720,5
2720,7
2721,12
2721,13
1763,12
1979,12
1980,12
1981,7
1981,6
1982,7
1982,6
1983,7
1983,6
2722,12
2722,11
1984,4
1764,8
1985,2
1985,12
2723,12
2723,13
1826,2
1826,6
1826,11
2724,5
2724,4
2724,11
1765,8
3305,7
3305,10
3305,11
3306,2
3306,6
3306,10
2727,6
2727,7
2727,2
2728,2
2728,6
2728,11
2729,9
2729,6
3307,2
3307,6
3307,10
2731,2
2731,6
2731,10
2732,7
2732,6
2733,7
2733,8
2733,6
2734,4
2734,6
2734,7
2735,6
2735,7
2735,11
3308,4
3308,5
3308,11
2737,6
2737,7
3309,6
3309,7
3309,10
2739,6
2739,7
2740,4
2740,5
2741,1
2741,2
2741,6
2742,11
2742,6
2742,12
2743,9
2743,6
2744,6
2744,7
2745,3
2745,1
2745,11
3310,4
3310,11
3310,6
2747,6
2747,7
2747,2
2748,5
2748,6
2748,7
2749,3
2749,1
2749,6
2750,5
2750,6
2750,7
2751,11
2751,6
2751,7
3311,4
3311,5
3311,11
3425,1
3425,11
3425,6
2753,12
2753,13
2754,12
2754,13
2755,12
2756,6
2756,7
2756,5
1986,4
1766,3
1766,11
1766,1
1987,5
1987,6
1987,7
2757,12
2757,13
1988,5
1988,6
1988,10
2758,11
2758,12
1767,8
3417,1
3417,6
3417,10
1768,6
1768,7
1768,2
1989,4
1989,12
1769,5
1769,6
1769,7
1878,11
1878,12
1878,6
2759,6
2759,7
2759,12
2760,7
2760,6
2760,12
1888,5
1888,4
1770,7
1770,6
1990,12
1876,1
1876,13
1876,12
2761,2
2761,6
2761,10
2762,11
2762,12
1771,4
1771,9
1771,6
2763,12
2764,2
2764,6
2764,10
1772,7
1772,6
2765,11
2765,12
3418,2
3418,6
3418,10
1773,2
1773,6
1773,10
1991,12
1991,13
2766,5
2766,6
2766,13
2767,5
2767,6
2767,7
2768,5
2768,6
2768,7
2769,6
2769,7
2769,11
1992,12
1992,13
2770,9
2770,1
2771,12
2771,13
1993,1
1993,13
1994,4
1994,11
1995,4
1996,12
1997,4
1997,5
2772,1
2772,12
2773,11
2773,12
1774,8
1775,4
1775,5
2774,1
2774,6
2774,10
1776,12
1776,6
1998,2
2775,8
2775,4
2776,1
2776,12
2776,13
1777,4
1777,5
2777,1
2777,6
2777,10
2778,6
2778,1
2778,10
3420,7
3420,6
3420,5
1778,3
1779,11
1779,6
1999,12
2779,6
2779,7
2779,11
2000,12
2780,6
2780,10
2780,11
1780,3
2781,3
2781,11
2781,12
1781,11
1782,6
1782,7
2782,1
2783,6
2783,12
2783,11
1783,12
1784,11
1784,6
2001,12
1785,12
1785,13
1786,6
1786,10
1786,11
2002,2
2002,6
2002,7
2784,11
2784,7
2784,6
1873,2
1873,6
1873,11
1787,7
1787,6
2003,6
2003,1
2003,3
2004,11
2004,12
2005,1
1788,12
1789,6
1789,5
1789,7
1790,6
1790,7
1790,11
1895,4
1791,7
1791,6
1791,5
1792,6
1792,5
1792,7
2785,11
2785,12
1793,12
1793,11
1794,12
1795,2
1795,6
1795,7
780,2
780,6
780,12
1796,12
2786,3
2786,1
2786,11
1797,6
1797,5
1797,7
2006,12
2787,11
2787,6
1798,12
1906,2
1906,12
1906,13
1799,5
1799,6
1799,7
2788,12
2788,13
1800,1
1899,4
1899,6
1899,7
1801,7
1801,2
1801,6
2789,1
2789,6
2790,11
1802,7
1802,6
1802,2
1803,12
2791,11
2791,12
1804,6
2792,6
2792,7
2792,9
1805,7
2793,6
2793,7
1806,11
2794,1
2795,2
2795,6
2795,7
2796,13
2796,12
2797,12
2797,6
2797,11
1807,10
1808,3
2798,13
1868,5
1868,6
1868,7
1809,11
2799,12
2799,13
2800,12
2800,13
1810,6
1810,7
1810,11
2801,2
2801,6
2801,7
1811,11
2802,11
2802,6
2802,10
2803,1
2803,6
2008,1
2008,6
2009,1
2009,6
2009,11
790,1
790,6
790,12
2804,11
2804,12
2010,13
2011,11
2011,12
2012,2
2012,6
2012,7
2805,4
2805,11
2806,4
2806,11
2806,12
2807,1
2807,6
2807,11
2808,2
2808,6
2808,7
2809,11
2809,12
1812,3
1813,4
1813,5
1813,11
2810,2
2810,6
2810,10
2811,11
2811,12
1908,11
2812,11
2812,12
2813,2
2813,6
2813,10
1814,12
1890,7
1890,12
1815,2
1815,6
1815,10
2814,6
2814,10
2814,12
2014,13
2996,4
3006,12
1816,1
1817,6
1817,12
2015,2
1818,12
2815,1
2815,11
1819,6
1819,7
2816,6
2816,7
2817,2
2817,7
2817,6
2818,6
2818,7
2818,5
2819,1
2819,9
2819,12
1820,3
1820,1
1821,6
1821,7
1822,3
1823,12
2016,8
2016,4
2016,7
2017,7
2017,6
2017,12
2018,2
2018,6
2018,7
2019,12
2020,7
2820,11
2821,11
2821,12
2021,4
2822,11
2823,1
2823,6
2823,10
2824,8
2824,7
2824,10
2825,7
2825,6
2825,11
2022,12
2826,11
2826,12
2827,3
2827,11
2827,12
1897,11
2828,11
2828,12
2829,11
2829,12
1857,5
1857,6
1857,11
1892,5
1892,12
1892,13
2023,12
2023,11
2024,2
2024,6
2024,7
2025,2
2025,6
2025,12
2026,12
2027,4
2027,12
2830,1
2830,12
2830,13
2831,11
2831,12
3426,6
3427,6
3427,7
3428,6
3428,7
3436,9
3436,6
3436,7
3429,6
3429,2
3430,6
3430,7
3430,12
3437,1
3437,6
3437,11
3431,9
3431,1
3432,3
3432,1
3432,10
3433,9
3433,6
3434,6
3434,11
3434,12
3435,1
3435,6
3435,11
3438,2
3438,6
3438,7
3536,5
3439,4
3439,1
3439,6
3440,11
3441,11
3441,12
3442,12
3442,13
3443,1
3537,4
3537,11
3537,12
3444,2
3444,6
3444,10
3445,2
3445,6
3445,7
3446,1
3446,10
3447,2
3447,6
3447,10
3448,7
3448,6
3448,11
3449,7
3449,6
3449,12
3450,13
3450,9
3450,12
3451,6
3451,9
3452,4
3452,5
3453,3
3453,1
3453,11
3547,4
3547,12
3547,13
3454,9
3454,6
3454,12
3455,2
3455,6
3455,11
3538,4
3538,6
3538,7
3456,11
3456,12
3456,6
3457,1
3457,6
3539,6
3539,7
3539,11
3458,3
3459,12
3460,3
3460,12
3460,13
3540,9
3540,1
3461,11
3462,6
3462,5
3462,7
3463,10
3463,6
3463,12
3464,6
3464,10
3464,12
3541,4
3541,11
3465,9
3465,6
3465,2
3466,11
3467,11
3542,6
3542,7
3542,11
3468,2
3468,6
3468,5
3469,1
3469,6
3469,11
3470,11
3471,2
3471,7
3471,10
3472,2
3472,12
3472,13
3473,6
3473,7
3543,2
3543,6
3543,7
3474,11
3474,12
3475,1
3475,11
3476,11
3476,12
3544,4
3544,3
3544,6
3477,5
3477,6
3477,7
3545,1
3478,6
3478,7
3478,2
3479,6
3479,7
3480,1
3480,11
3480,12
3481,2
3481,6
3481,10
3546,11
3482,5
3482,6
3482,7
3483,2
3483,5
3483,6
3484,1
3484,12
3484,13
3485,4
3485,6
3485,11
3486,12
3487,1
3487,6
3488,6
3488,7
3488,11
3489,1
3489,11
3490,5
3490,6
3490,4
3491,2
3491,6
3491,11
3492,11
3493,1
3493,6
3493,7
3494,11
3494,1
3495,5
3495,6
3495,7
3496,6
3496,7
3496,12
3497,7
3497,6
3497,11
3498,6
3498,9
3499,6
3499,7
3499,5
3500,3
3500,11
3501,11
3502,9
3502,2
3503,7
3503,12
3503,6
3504,5
3504,6
3504,2
3505,12
3506,1
3507,3
3508,7
3508,6
3508,11
3509,6
3509,7
3509,11
3510,11
3511,5
3511,6
3511,7
3512,7
3512,8
3513,12
3514,2
3514,6
3514,12
3515,7
3515,6
3516,12
3516,13
3517,3
3518,9
3519,11
3520,1
3520,9
3520,11
3521,1
3522,1
3522,6
3524,11
3523,12
3525,2
3525,6
3525,11
3526,12
3527,2
3527,6
3527,12
3528,12
3529,11
3530,2
3530,7
3530,6
3531,1
3532,7
3532,6
3533,12
3534,1
3534,13
3535,2
3535,6
3535,10
2028,12
2029,12
1863,5
1863,4
2030,12
2031,12
2832,11
2832,12
2832,13
2032,12
2033,7
2034,6
3312,4
3312,8
3313,6
3313,7
3314,5
3314,6
3314,7
3315,7
3315,6
3315,5
3316,1
3316,2
3316,6
3317,2
3317,7
3317,6
3318,8
3319,6
3319,7
3319,10
3320,5
3320,6
3320,7
2842,1
2842,11
2843,10
2843,6
2843,11
3321,6
3321,10
3321,12
2035,4
2035,5
1846,5
1846,6
2036,4
2036,6
2036,7
2037,4
2038,12
2039,12
2845,11
2845,12
3322,12
3323,11
2847,11
2854,12
2854,11
2855,11
2855,12
2856,11
2856,12
2857,11
2857,12
2858,9
2858,6
2858,11
2859,11
2859,12
2860,11
2860,12
2861,11
2861,12
3324,11
3325,11
3325,12
3326,6
3326,10
3326,11
3327,12
3328,11
2993,7
2862,12
2863,8
2863,2
1877,7
1877,6
1877,11
2994,6
2994,7
2994,2
1837,11
1837,12
2864,11
2864,12
2864,13
1869,6
1869,12
1869,11
2998,4
2998,6
2998,7
2040,12
2865,11
2865,12
2865,13
2041,12
2995,7
2995,8
1859,5
1859,6
1859,11
1843,12
1843,13
2042,12
2866,11
2866,12
2866,13
2043,12
2867,12
2867,13
1871,5
1871,6
1871,7
2044,12
2044,13
2997,7
2997,6
2868,2
2868,6
2868,7
2869,6
2869,1
2869,2
2045,12
2045,13
2046,13
2870,12
2870,13
2047,12
2047,13
2048,6
2871,11
2872,2
2872,6
2872,9
2873,1
2874,11
2999,12
2875,12
2875,13
2049,2
2049,6
2049,7
2876,12
3000,11
3001,2
3001,6
3001,7
3002,12
2050,6
2050,7
3003,7
3003,6
3003,2
3548,4
3548,8
3548,7
2051,12
2051,13
1838,12
2052,13
2053,13
3004,5
3004,6
3005,5
3005,6
3005,7
2877,1
2054,2
2054,6
2054,10
2055,13
2878,11
2878,12
2056,5
2056,6
2056,7
2879,11
2879,6
2879,12
1850,11
3102,8
2059,5
2059,6
2059,7
3007,6
3007,7
2880,11
2880,12
2880,13
2061,7
3008,4
3008,11
3009,7
2062,7
2881,11
1851,12
2063,6
2063,7
2064,5
2064,7
2064,6
2065,10
2882,12
2882,9
2066,12
2067,12
2883,11
2883,12
2068,12
1870,11
2884,12
2884,13
2885,11
2069,12
2886,2
2887,12
1915,11
1915,13
3054,3
3054,8
2888,12
2070,12
2071,12
2072,13
2073,13
2074,13
2075,12
2075,13
2076,11
2077,12
2889,2
2890,9
2890,12
3010,7
2078,4
2078,13
2079,13
2079,5
2079,6
2891,11
3011,3
3011,8
3011,6
1882,12
2080,12
2892,12
2892,13
2893,2
2893,6
3012,3
3012,10
3015,10
3015,13
2081,5
3013,8
3013,1
2894,12
2894,13
2895,11
3014,8
3014,7
3014,6
2896,11
2896,12
1836,12
2082,12
2082,13
2083,12
2084,12
2085,12
2086,7
2087,12
2087,13
1866,11
1866,6
1866,12
2088,7
412,9
412,1
3016,6
3016,7
1881,11
1881,12
1881,13
1858,12
1858,13
2089,7
2089,6
2089,5
1883,12
2090,13
2091,1
3017,7
3017,6
417,1
2057,11
2092,6
2092,7
2092,2
2093,4
2093,12
2094,5
2095,5
2096,11
2096,12
2097,1
3018,7
3018,6
2098,6
2098,7
2897,9
3333,11
3333,6
3333,7
3334,10
3334,6
3334,11
3335,6
3335,10
3335,12
3336,1
3336,6
3330,11
3330,3
3330,7
3329,2
3329,10
3329,6
3340,3
3340,11
3337,6
3337,7
3337,10
3338,7
3338,10
3338,6
3339,6
3339,11
3339,12
3341,11
3341,12
3332,2
3332,5
3332,11
3331,4
3331,5
3331,11
3342,3
2912,3
2912,1
2912,11
2913,6
2913,7
2913,11
2099,2
2099,6
2100,4
2101,1
3019,7
2102,1
2914,2
2914,6
2914,10
2103,12
2103,13
3020,7
2104,6
3419,12
3025,2
3021,1
3022,7
3022,6
2105,13
2106,13
2107,12
3023,7
3023,6
3024,6
3024,7
3026,1
3026,4
3026,11
3027,1
3027,4
3027,11
3028,4
3028,6
3028,11
3029,3
3029,8
2108,13
2109,7
2110,5
2060,6
2111,13
2112,13
3032,1
3030,1
3030,9
3031,2
3031,6
2113,4
2114,5
2114,6
2114,7
2915,2
2915,6
2915,9
2115,12
2115,13
1913,4
1913,6
1855,11
1855,12
2116,13
2117,12
2117,13
3036,3
3036,6
3036,9
2118,12
2118,13
2119,3
2119,13
3033,6
3033,7
3549,12
3550,6
3550,5
3550,7
3552,12
3552,11
3562,6
3562,4
3562,12
3561,6
3561,7
3561,4
3560,4
3560,6
3559,4
3559,6
3559,12
3558,4
3558,12
3558,13
3557,4
3557,12
3556,12
3555,4
3555,12
3555,11
3554,4
3554,6
3554,7
3553,4
3553,6
3553,10
3551,2
3551,6
3551,7
2120,13
2121,12
2121,13
2121,6
3034,2
3034,6
2122,12
2122,13
2123,3
2123,13
3053,7
3053,6
3035,5
2124,3
2124,13
2125,12
2125,13
3039,1
1884,2
1884,6
1884,7
3037,4
3038,4
3038,11
2126,12
2126,13
2127,1
2127,9
2127,13
3040,11
3040,12
3292,7
1865,12
2128,7
2128,6
2916,1
2916,6
2129,13
3042,7
3042,6
3041,7
3041,6
3041,2
2130,5
2130,6
2131,13
1861,4
1861,6
1861,7
2132,12
3043,3
3044,3
3045,3
2133,4
2134,2
2134,6
2134,7
3046,3
2135,7
2135,6
3047,4
3047,11
1833,11
3048,1
2136,12
2136,13
2137,12
2137,13
2138,12
2138,13
3049,1
3050,4
3050,11
2139,9
2140,12
2140,13
1853,12
3051,1
2143,4
3052,4
3052,11
2917,12
2917,13
2144,13
2145,5
2145,6
2146,13
2147,6
2147,7
2148,1
2148,9
1835,11
1835,6
1835,7
2149,10
2149,6
2150,7
2151,1
2151,6
2151,8
3089,6
3089,7
3357,11
3357,12
3347,11
3343,11
3343,12
3344,12
3344,11
3345,11
3345,12
3346,11
3348,11
3349,11
3349,12
3350,11
3350,6
3350,10
3351,11
3351,12
3352,12
3352,11
3353,12
3354,11
3355,11
3356,11
3358,11
3358,12
3359,11
3359,12
3360,11
3360,12
3361,11
2152,12
2153,13
2153,12
1860,5
1860,11
1860,13
3055,1
3055,6
2154,4
3056,9
2155,1
2155,13
2156,3
2156,13
3121,2
3121,6
3121,7
3123,2
3123,9
3123,6
2157,6
2157,7
2157,10
3057,1
3057,10
3057,6
3058,7
3058,6
3058,2
3059,2
3059,6
3059,7
3060,4
3060,12
3060,13
2158,13
3061,5
3061,6
3061,10
2159,12
3062,6
3062,7
2160,12
3063,7
3063,6
3063,8
3082,3
3082,1
3082,12
3075,2
3075,6
3075,7
3074,5
3074,2
3073,5
3073,2
3072,5
3072,2
3071,6
3071,7
3069,5
3067,7
3067,2
3067,6
3066,5
3066,6
3065,6
3065,7
3064,6
2161,4
2161,5
3068,4
3070,5
3070,6
3070,4
2162,1
2162,13
2162,12
3362,6
3362,7
3362,2
3363,3
3363,6
3363,11
3364,5
3364,6
3364,7
3365,4
3365,6
3365,7
3366,6
3366,7
3367,6
3367,12
3367,11
2163,13
2164,12
2164,13
1894,4
1894,5
1894,6
2165,4
2166,13
2166,1
3076,8
3077,11
3077,6
2943,1
2167,11
2944,1
2944,6
2945,1
2945,6
2945,10
2946,1
2946,6
2946,7
2168,12
2168,13
3368,7
3368,6
3369,6
3369,11
3369,12
3370,1
3371,1
3372,1
3372,10
3372,12
3373,1
3373,11
3374,6
3374,7
3374,11
3383,7
3383,6
3383,10
3382,6
3382,7
3382,12
3375,1
3375,2
3375,10
3376,5
3376,10
2963,6
2963,7
2964,8
3377,5
3377,6
3377,7
3378,5
3378,6
3379,2
3379,6
3379,10
3381,6
3381,7
3380,9
3380,2
3380,6
2965,1
2965,12
2965,13
2169,12
2169,13
2170,12
2170,13
3078,7
3078,6
3078,2
2171,12
2172,12
2172,13
3079,5
3079,2
3079,6
2173,4
2174,13
2175,7
2175,6
2176,13
2177,7
3080,9
3080,6
3080,2
474,2
2178,13
2179,12
3081,9
3081,6
2180,1
2180,13
2181,13
2182,12
3083,3
2183,13
2183,12
3084,11
3084,6
3085,6
3085,7
3086,4
3086,2
3086,6
2184,12
2184,13
2185,12
3087,7
2186,11
1896,4
2187,7
2187,6
2187,12
2188,1
2188,6
2188,13
3088,8
3088,7
2189,1
2189,13
2190,5
2191,12
2191,13
2192,3
2192,2
2192,6
2193,2
2193,6
2193,7
2194,7
2194,6
2194,10
3090,6
3090,7
3090,11
2195,11
3091,6
3091,7
2196,12
3092,8
3092,7
3092,6
3093,7
3093,8
2197,12
3094,3
3094,11
3094,6
2198,12
2198,13
2199,12
2199,13
3095,7
3095,6
3095,5
2200,12
2200,13
886,12
886,13
886,6
2201,12
3096,4
3096,7
3097,6
3097,7
3098,8
2202,12
2202,13
3099,1
2203,2
2203,12
3100,9
3100,12
3101,2
3101,6
3101,5
1872,12
2204,3
503,5
503,11
503,13
2205,13
2206,6
2206,7
2207,5
2208,2
2208,6
2208,10
3103,1
93,12
2209,6
2209,7
2209,2
2210,2
2210,10
2210,6
3104,1
3104,6
3105,6
3106,2
2211,12
3107,8
3107,2
2212,12
2213,12
3108,7
3108,6
3109,2
3109,6
3109,7
3110,8
3110,7
2214,5
2215,11
516,2
516,12
516,13
3111,7
3111,6
894,2
894,6
894,10
2216,12
2216,13
3112,2
3113,7
3113,6
1874,4
1874,6
1874,7
3114,12
3115,6
3115,7
3115,11
3116,1
3116,2
3116,7
2217,12
2217,13
2218,12
2218,13
2219,13
3117,11
3117,12
2220,12
2220,13
2221,12
2221,13
3118,1
3122,2
3122,6
3122,7
3119,2
3119,6
3119,7
2223,11
3120,2
3120,7
3120,6
3124,6
3156,1
3156,6
3138,2
3138,6
3138,11
3136,1
3136,6
3136,10
3126,1
3146,6
3146,7
3143,7
3143,6
3139,6
3139,7
3127,2
3127,10
3127,12
3125,9
3125,1
2224,12
2224,13
3128,12
3129,2
3130,6
3130,10
3132,10
3132,6
3132,12
3131,6
3131,10
3131,12
3133,2
3133,6
3133,10
3134,6
3134,9
3135,2
3135,6
3135,10
2226,9
2226,1
2227,1
2229,12
2230,11
3137,2
3137,6
3137,8
2231,13
2232,13
542,2
542,10
542,13
2228,12
3140,8
3140,7
3141,2
3141,6
3141,7
3142,7
3142,8
3144,3
3145,10
3145,6
3145,2
3147,7
3147,6
3148,3
3148,11
3148,6
1886,4
1886,5
1886,6
3149,5
3149,6
3150,7
3150,6
3151,6
3151,7
3151,2
3174,2
3174,8
2234,2
2234,6
2234,10
3152,2
3152,12
3152,13
3153,5
3153,4
2235,12
3154,5
3154,2
3154,6
2236,12
3155,3
3155,1
2237,11
3157,6
3157,7
3158,1
3158,6
3158,10
3159,3
3159,9
3160,3
3160,2
3160,6
3161,2
3161,6
3161,10
3162,9
3162,3
3163,1
3164,1
3166,1
3166,9
1879,4
1879,6
1879,5
1907,4
3165,1
3165,11
3165,12
3167,3
3173,6
3173,7
3173,2
3172,1
3172,9
3171,12
3170,6
3170,7
3169,7
3169,5
3168,9
3168,1
567,3
567,6
567,11
571,3
571,8
571,11
3179,11
941,2
941,6
941,12
2238,6
2238,7
2239,4
2239,6
3264,11
3264,6
2240,4
3246,1
3255,2
3255,10
3256,1
3231,1
3233,1
3233,6
3233,10
3279,7
3279,6
3279,10
3263,1
3263,5
3262,1
3235,1
3235,10
3236,1
3252,1
3252,2
3268,2
3268,1
3178,6
3178,12
3178,13
3175,2
3176,2
3177,7
3177,6
2241,13
3180,7
3250,7
3250,6
3250,11
3249,1
3248,1
3247,1
3245,6
3245,7
3245,12
3244,7
3243,6
3243,7
3243,8
3242,1
3241,8
3240,6
3239,6
3239,11
3238,5
3238,6
3238,10
3237,1
3234,2
3234,6
3234,10
3232,1
3232,2
3232,6
3259,1
3258,2
3258,6
3258,10
3257,3
3257,2
3254,3
3254,6
3254,11
3253,2
3253,6
3251,2
3251,6
3251,10
3267,1
3267,2
3266,1
3265,1
3261,11
3260,1
3269,11
3275,2
3275,5
3274,5
3274,2
3273,5
3273,2
3272,5
3272,2
3272,6
3271,11
3270,5
3270,2
3281,2
3281,6
3281,8
3285,2
3280,1
3282,3
3284,11
3284,2
3278,7
3278,6
3277,7
3277,6
3276,7
3276,6
3283,6
3283,7
3283,2
3286,2
3286,6
3286,8
3287,3
3288,1
3290,6
3290,7
3291,7
3291,6
3293,6
3293,7
3293,12
3294,7
3181,8
3181,7
3181,11
3187,6
3187,7
3185,11
3184,7
3184,6
3184,8
3183,6
3183,7
3186,1
2243,13
3230,6
3230,12
3230,11
3229,10
3228,1
3227,8
3227,6
3227,7
3226,1
3225,1
3225,2
3224,6
3224,7
3224,11
3223,1
3222,9
3222,2
3221,1
3220,9
3220,1
3219,1
3218,3
3217,1
3216,1
3215,1
3215,6
3215,10
3214,9
3214,1
3213,1
3213,6
3213,12
3212,1
3211,2
3211,6
3211,10
3210,1
3209,1
3208,1
3207,1
3206,1
3206,2
3205,12
3204,1
3204,11
3203,1
3203,12
3202,1
3200,3
3200,11
3200,6
3201,1
3201,2
3199,2
3198,2
3198,1
3198,6
3195,2
3197,2
3197,6
3197,10
3196,2
3196,10
3194,2
3194,6
3193,1
3192,3
3192,1
3192,2
3191,3
3190,7
3190,6
3189,1
3188,1
3188,2
3182,12
3182,13
2244,12
2245,13
2246,12
969,2
969,13
2247,2
2248,6
2249,5
2249,6
2249,7
982,4
982,12
629,9
629,2
2250,13
2251,13
2252,7
2252,6
2253,7
2253,6
2254,13
2255,7
2256,12
2257,2
2257,6
2257,10
2258,13
2259,12
2260,6
2260,7
2260,11
1013,12
1013,13
1022,1
1022,12
669,2
669,10
669,8
2261,7
2261,6
2262,7
2263,1
2264,11
2265,7
2265,6
2267,7
2267,6
2267,5
2268,6
2268,7
2268,10
2266,12
2269,7
2269,6
2269,10
2270,7
2270,6
2270,10
2271,7
2271,10
2272,7
2273,5
2273,6
2273,7
2274,7
2275,4
2276,12
2277,7
2277,6
2278,3
2278,6
2279,2
2279,5
2280,12
2281,5
2281,7
2282,7
2282,6
2283,5
2283,7
2284,2
2284,5
2284,6
2285,2
2285,6
2285,10
2286,6
2286,12
2287,7
2287,6
2288,12
2288,6
2289,5
2289,7
3289,1
1154,12
1155,12
1155,13
1156,6
1156,7
1156,12
1157,1
1157,10
1158,6
1158,7
1158,12
1159,12
1159,13
1160,12
1161,12
1161,13
1162,12
1162,13
1163,12
1164,5
1164,6
1165,12
1166,2
1166,6
1166,7
1167,8
1167,6
1168,7
1168,6
1169,5
1169,8
1169,12
1170,4
1170,5
1171,11
1171,12
1172,7
1172,6
1172,12
3564,1
3564,6
3564,11
3563,4
3563,9
3563,6
1173,2
1173,8
1173,6
1174,12
1175,12
1175,13
1176,7
1176,6
1177,6
1177,7
1177,11
1178,5
1178,8
1178,12
1179,12
1180,11
1181,2
1181,5
1182,2
1182,6
1182,12
1183,12
1183,13
1183,6
1184,3
1184,6
1185,2
1185,6
1185,7
1186,3
1186,2
1186,6
1187,3
1187,1
1187,12
1188,1
1188,12
1188,13
1189,7
1189,6
1189,10
1190,12
1190,11
1190,6
1191,5
1191,2
1192,12
1192,13
1193,12
1193,13
1194,3
1194,12
1194,13
1195,2
1195,10
1196,2
1196,5
1196,6
1197,1
1197,2
1197,6
1198,10
1198,5
1198,6
